player,pos,fp_id,ecr_2qb,value_2qb
Justin Jefferson,WR,19236,5.8,9162
Ja'Marr Chase,WR,19788,7.4,8824
CeeDee Lamb,WR,19202,7.4,8824
Amon-Ra St. Brown,WR,19799,11.5,8013
Bijan Robinson,RB,23133,13.2,7700
Breece Hall,RB,22982,15.1,7363
Jahmyr Gibbs,RB,22968,19.1,6703
Garrett Wilson,WR,23072,20.2,6532
Christian McCaffrey,RB,16393,21.1,6395
A.J. Brown,WR,18218,20.4,6501
Puka Nacua,WR,23180,20.7,6455
Marvin Harrison Jr.,WR,23064,21.1,6395
Jonathan Taylor,RB,19217,28.2,5412
Sam LaPorta,TE,22978,27.6,5489
Tyreek Hill,WR,15802,29.3,5274
2024 Pick 1.01,PICK,NA,9.5325,8393
Chris Olave,WR,20111,29.7,5225
Malik Nabers,WR,25409,32.6,4881
2024 Pick 1.02,PICK,NA,12.7975,7773
Jaylen Waddle,WR,19790,33.7,4756
Josh Allen,QB,17298,1.8,10065
Brandon Aiyuk,WR,19252,32.9,4846
Kyren Williams,RB,23059,37.4,4360
Drake London,WR,23163,35,4613
Travis Etienne Jr.,RB,19231,36.5,4453
Patrick Mahomes II,QB,16413,1.7,10089
DeVonta Smith,WR,19222,38.5,4249
De'Von Achane,RB,23136,37.9,4309
2024 Pick 1.03,PICK,NA,17.2525,7000
Michael Pittman Jr.,WR,19278,41.6,3950
Trey McBride,TE,22936,40.9,4016
Kenneth Walker III,RB,23021,43.2,3804
DJ Moore,WR,17265,45.5,3604
Saquon Barkley,RB,17240,38,4299
C.J. Stroud,QB,23071,5.3,9270
2025 Early 1st,PICK,NA,25.9985952686898,5700
Rachaad White,RB,23891,47.2,3463
2024 Pick 1.04,PICK,NA,26.43,5642
Jalen Hurts,QB,19275,6.5,9013
Lamar Jackson,QB,17233,6.6,8991
DK Metcalf,WR,18219,45.1,3638
Rashee Rice,WR,23113,50.5,3205
James Cook,RB,22958,49.5,3281
Nico Collins,WR,20130,50.9,3175
Tee Higgins,WR,19211,50.6,3197
Josh Jacobs,RB,18269,50.9,3175
Zay Flowers,WR,22916,52.1,3086
Isiah Pacheco,RB,24333,53.9,2959
Jordan Addison,WR,23107,56.9,2757
Tank Dell,WR,25361,54.1,2945
Mark Andrews,TE,17269,57,2751
2024 Pick 1.05,PICK,NA,35.4575,4564
Joe Burrow,QB,19196,9.1,8478
Brock Bowers,TE,22955,62.2,2434
Jaxon Smith-Njigba,WR,23070,63.4,2367
Dalton Kincaid,TE,25247,66.4,2206
Anthony Richardson,QB,24347,15,7381
Kyle Pitts,TE,20164,69,2075
D'Andre Swift,RB,19210,63.7,2350
Stefon Diggs,WR,13981,65.4,2258
2024 Pick 1.06,PICK,NA,44.3325,3705
Javonte Williams,RB,22739,67,2175
Davante Adams,WR,12123,68.1,2119
Deebo Samuel Sr.,WR,18244,68.3,2109
Rhamondre Stevenson,RB,22726,69,2075
Tony Pollard,RB,18705,72.3,1920
Justin Herbert,QB,18635,16.3,7159
Jayden Reed,WR,23020,74,1845
George Pickens,WR,22963,73.9,1849
T.J. Hockenson,TE,18290,75,1802
2024 Pick 1.07,PICK,NA,53.0725,3017
David Montgomery,RB,18239,77.8,1687
Joe Mixon,RB,16420,78.3,1667
Alvin Kamara,RB,16421,80.3,1591
2025 Mid 1st,PICK,NA,58.1298452686898,2679
Cooper Kupp,WR,16433,81.3,1554
2025 1st,PICK,NA,58.6906786020231,2644
Travis Kelce,TE,11594,82,1529
Derrick Henry,RB,15514,82.5,1511
Mike Evans,WR,12119,82.3,1518
Caleb Williams,QB,23084,22.2,6232
2024 Pick 1.08,PICK,NA,61.675,2465
Amari Cooper,WR,13894,86.4,1378
Christian Kirk,WR,17268,88,1328
Najee Harris,RB,19302,88.5,1312
Tyjae Spears,RB,25323,89.3,1288
Terry McLaurin,WR,18466,91.6,1220
2026 1st,PICK,NA,68.1861488707129,2115
George Kittle,TE,16499,92.7,1189
Chris Godwin,WR,16406,94.7,1134
2024 Pick 1.09,PICK,NA,70.1275,2021
Kyler Murray,QB,18600,24.1,5960
Brian Robinson Jr.,RB,20094,97.4,1064
Diontae Johnson,WR,18615,97.5,1062
Jaylen Warren,RB,24209,98.2,1045
Aaron Jones,RB,16673,98.1,1047
Calvin Ridley,WR,17258,99,1025
David Njoku,TE,16399,99.7,1008
Trevor Lawrence,QB,19780,26.9,5580
Keenan Allen,WR,11616,100.7,985
Dak Prescott,QB,15600,32.2,4927
Jordan Love,QB,19246,24.1,5960
2024 Pick 1.10,PICK,NA,78.4375,1662
Brian Thomas Jr.,WR,23000,103.5,922
Nick Chubb,RB,17246,104.3,905
Christian Watson,WR,23886,105.2,886
Evan Engram,TE,16411,105.8,874
2024 Pick 1.11,PICK,NA,86.605,1372
Jonathon Brooks,RB,26148,111.7,761
Austin Ekeler,RB,16483,112.6,745
Trey Benson,RB,25388,113.1,736
Josh Downs,WR,24706,113.4,731
Marquise Brown,WR,18226,113.2,734
Zach Charbonnet,RB,23152,114,721
James Conner,RB,16447,113.9,722
Jake Ferguson,TE,22718,115.5,696
Brock Purdy,QB,19797,35.6,4548
2025 Late 1st,PICK,NA,91.9435952686898,1210
Dallas Goedert,TE,17270,117.6,662
Jayden Daniels,QB,22902,42.9,3831
Zamir White,RB,20095,118,656
Troy Franklin,WR,23092,119.8,629
2024 Pick 1.12,PICK,NA,94.6225,1136
Jameson Williams,WR,23677,120.7,616
Xavier Worthy,WR,23019,120.2,623
Tua Tagovailoa,QB,19198,44,3734
Courtland Sutton,WR,17253,122.7,587
DeAndre Hopkins,WR,11606,123.2,581
Ladd McConkey,WR,26122,123.3,579
Jahan Dotson,WR,23101,125.2,554
2024 Pick 2.01,PICK,NA,102.4975,944
Pat Freiermuth,TE,20163,131.2,481
Jared Goff,QB,15501,58.6,2649
Jakobi Meyers,WR,18598,131.2,481
Blake Corum,RB,23013,133.1,460
Cole Kmet,TE,19229,132.7,464
Jerry Jeudy,WR,19201,132.3,469
Romeo Doubs,WR,23794,134.6,444
2024 Pick 2.02,PICK,NA,110.24,787
Kendre Miller,RB,24360,136.3,427
Michael Mayer,TE,23056,136.4,426
Adonai Mitchell,WR,24357,136.6,424
Drake Maye,QB,23046,61.3,2486
Dalton Schultz,TE,17349,139.1,400
Keon Coleman,WR,26019,140.1,390
Chuba Hubbard,RB,19792,140.7,385
Devin Singletary,RB,18280,141.3,379
2024 Pick 2.03,PICK,NA,117.8575,658
Raheem Mostert,RB,14338,142.2,371
Bryce Young,QB,22900,67.5,2149
Chase Brown,RB,25324,143.1,364
Deshaun Watson,QB,16398,68.2,2114
Marvin Mims Jr.,WR,23080,144.1,355
Gabe Davis,WR,19398,144.3,354
Kirk Cousins,QB,11177,73.9,1849
Roschon Johnson,RB,25322,146.5,336
Jerome Ford,RB,22921,145.2,346
2025 Early 2nd,PICK,NA,123.48172026869,577
Luke Musgrave,TE,25282,148.5,320
Tyler Lockett,WR,13971,148.4,321
Isaiah Likely,TE,23781,150.2,308
Quentin Johnston,WR,23123,148.6,320
2024 Pick 2.04,PICK,NA,125.35,552
Zack Moss,RB,19263,151.3,300
Jaylen Wright,RB,25987,153.6,284
Mike Williams,WR,16377,153.2,287
MarShawn Lloyd,RB,23118,153.5,285
Khalil Herbert,RB,22763,154.8,276
Baker Mayfield,QB,17237,85.9,1395
Braelon Allen,RB,24346,156.8,264
2024 Pick 2.05,PICK,NA,132.695,464
Michael Wilson,WR,25333,156.8,264
Tyler Allgeier,RB,24172,160,244
Elijah Moore,WR,20114,159.4,248
J.J. McCarthy,QB,23018,89.5,1282
Tucker Kraft,TE,25298,162,233
2024 Pick 2.06,PICK,NA,139.9125,392
Roman Wilson,WR,26160,163.7,224
Justin Fields,QB,19781,89,1297
Dontayvion Wicks,WR,24354,163.5,225
Gus Edwards,RB,17687,166.3,211
Joshua Palmer,WR,22845,164.2,222
Antonio Gibson,RB,19624,166.8,208
Treylon Burks,WR,22905,164.6,219
Khalil Shakir,WR,23748,166.8,208
Xavier Legette,WR,26136,168.9,198
2024 Pick 2.07,PICK,NA,146.9725,332
Will Levis,QB,22987,93.1,1178
Keaton Mitchell,RB,25360,169.6,195
DeMario Douglas,WR,25304,171.4,187
Rashid Shaheed,WR,24687,171.5,187
Matthew Stafford,QB,9451,98.3,1042
Brandin Cooks,WR,12122,171.5,187
Chigoziem Okonkwo,TE,23982,172.1,184
2025 2nd,PICK,NA,152.163803602023,294
Dameon Pierce,RB,22947,172.8,181
2025 Mid 2nd,PICK,NA,152.86484526869,289
AJ Dillon,RB,19358,173.9,176
2024 Pick 2.08,PICK,NA,153.8975,282
Ricky Pearsall,WR,26214,173.1,180
Cade Otton,TE,23181,176,168
Wan'Dale Robinson,WR,22985,175.4,170
Geno Smith,QB,11687,103.7,918
Jalin Hyatt,WR,25251,177.1,164
Darren Waller,TE,14104,179.5,155
2024 Pick 2.09,PICK,NA,160.6975,241
2026 2nd,PICK,NA,161.659273870713,235
Jonathan Mingo,WR,23030,181.5,148
Miles Sanders,RB,18283,185.1,136
Greg Dulcich,TE,23153,184.4,138
Rashod Bateman,WR,19794,184.7,137
2024 Pick 2.10,PICK,NA,167.4125,205
Curtis Samuel,WR,16434,183.8,140
Darnell Mooney,WR,19810,188.8,124
2024 Pick 2.11,PICK,NA,174.0075,176
Ty Chandler,RB,19471,192.2,115
Derek Carr,QB,12092,115.8,691
Adam Thielen,WR,13429,191.6,116
Alexander Mattison,RB,18621,194.3,109
Zay Jones,WR,16431,192.9,113
J.K. Dobbins,RB,19245,194.2,109
Ja'Tavion Sanders,TE,24334,194.3,109
Elijah Mitchell,RB,22813,195,107
Tank Bigsby,RB,22908,195.6,106
2025 Late 2nd,PICK,NA,180.14484526869,152
Malachi Corley,WR,26023,196.7,103
Aaron Rodgers,QB,9001,119.4,635
2024 Pick 2.12,PICK,NA,180.48,151
Russell Wilson,QB,11180,114.3,716
Juwan Johnson,TE,19562,197.8,101
Daniel Jones,QB,18232,117.9,658
Kenneth Gainwell,RB,23310,202.9,89
Audric Estime,RB,23054,202.3,90
2024 Pick 3.01,PICK,NA,186.8,130
Jaleel McLaughlin,RB,25876,202.8,89
Bucky Irving,RB,25981,202.6,90
Tyler Boyd,WR,15547,202,91
Ja'Lynn Polk,WR,26205,205.7,84
Hunter Henry,TE,15561,206.3,82
Noah Fant,TE,17527,203.7,88
Rondale Moore,WR,19796,206.4,82
2024 Pick 3.02,PICK,NA,192.9625,113
Cedric Tillman,WR,25287,205.9,83
Alec Pierce,WR,23791,206.6,82
Ezekiel Elliott,RB,15498,209.3,77
Gerald Everett,TE,16459,209.5,76
2024 Pick 3.03,PICK,NA,199.0275,98
Michael Thomas,WR,15528,216,66
Trey Palmer,WR,25331,217,64
2025 Early 3rd,PICK,NA,205.45547026869,84
2024 Pick 3.04,PICK,NA,205.05,85
K.J. Osborn,WR,19708,217.6,63
Devontez Walker,WR,26011,217.1,64
Kareem Hunt,RB,16425,218.8,61
Taysom Hill,TE,17115,218.7,62
Jelani Woods,TE,23829,217.6,63
Ray Davis,RB,26191,219.4,61
Jamaal Williams,RB,16424,221.3,58
Noah Brown,WR,16443,222.2,57
2024 Pick 3.05,PICK,NA,210.9875,74
Tyler Higbee,TE,15623,221.1,58
D'Onta Foreman,RB,16407,225.5,52
Israel Abanikanda,RB,24352,225.2,53
2024 Pick 3.06,PICK,NA,216.8075,64
Odell Beckham Jr.,WR,12127,225.3,53
Skyy Moore,WR,23905,227,51
Dawson Knox,TE,18631,226.4,51
Samaje Perine,RB,16423,228.2,49
Sam Howell,QB,23045,138.8,402
DJ Chark Jr.,WR,17292,227.5,50
John Metchie III,WR,22895,230,47
2024 Pick 3.07,PICK,NA,222.4725,56
Rome Odunze,WR,25411,48.9,3328
Andrei Iosivas,WR,25335,231.3,46
Kadarius Toney,WR,20119,230.8,46
Tutu Atwell,WR,20126,234.2,43
Jeff Wilson Jr.,RB,18026,234.6,42
2025 3rd,PICK,NA,228.309428602023,49
2024 Pick 3.08,PICK,NA,227.98,49
Javon Baker,WR,22885,232.1,45
2025 Mid 3rd,PICK,NA,229.05734526869,48
Mike Gesicki,TE,17272,235.3,42
JuJu Smith-Schuster,WR,16427,235.1,42
Luke Schoonmaker,TE,25267,236.2,41
Rico Dowdle,RB,19647,234.5,42
A.T. Perry,WR,24353,236.1,41
2024 Pick 3.09,PICK,NA,233.32,44
Michael Gallup,WR,17259,239.4,38
Michael Penix Jr.,QB,22973,136.2,428
2026 3rd,PICK,NA,237.804898870713,39
Clyde Edwards-Helaire,RB,19325,242.1,36
Darius Slayton,WR,18706,241.8,36
Jerick McKinnon,RB,12209,241.8,36
2024 Pick 3.10,PICK,NA,238.485,39
Cam Akers,RB,19268,244.1,34
Donovan Peoples-Jones,WR,19298,245,33
Evan Hull,RB,25325,243.8,34
Gardner Minshew II,QB,18562,160.7,240
2024 Pick 3.11,PICK,NA,243.5075,34
Will Shipley,RB,22930,245.2,33
Bo Nix,QB,22910,159.8,246
Parker Washington,WR,23106,248.6,30
Michael Carter,RB,22728,249.2,30
Jonnu Smith,TE,16460,248.2,31
Kendrick Bourne,WR,17066,250.2,29
Tyler Scott,WR,25442,250.3,29
2024 Pick 3.12,PICK,NA,248.3675,31
Allen Lazard,WR,17301,250.5,29
Kenny Pickett,QB,22722,168.8,199
2025 Late 3rd,PICK,NA,250.41547026869,29
Logan Thomas,TE,12095,253.8,27
Dalvin Cook,RB,16374,249.6,30
Sean Tucker,RB,23679,251.1,29
2024 Pick 4.01,PICK,NA,253.0625,27
Jalen McMillan,WR,23179,253.1,27
Irv Smith Jr.,TE,18610,253.6,27
Chris Rodriguez Jr.,RB,22986,256.3,25
Emari Demercado,RB,25654,255.2,26
Greg Dortch,WR,18585,256.4,25
2024 Pick 4.02,PICK,NA,257.5875,25
Hunter Renfrow,WR,18345,256.8,25
Deuce Vaughn,RB,22984,258,24
Joshua Kelley,RB,19445,255.9,26
Brenden Rice,WR,26213,255.5,26
Aidan O'Connell,QB,24330,167.6,204
Xavier Hutchinson,WR,25332,258.6,24
Pierre Strong Jr.,RB,24173,259.1,24
2024 Pick 4.03,PICK,NA,261.9725,22
Mac Jones,QB,20156,169.2,197
Rashaad Penny,RB,17308,262,22
Zach Evans,RB,23122,261.8,22
Tyquan Thornton,WR,22913,263.4,22
Terrace Marshall Jr.,WR,23242,263.1,22
Josh Reynolds,WR,16439,263.5,21
2024 Pick 4.04,PICK,NA,266.215,20
Isaiah Hodgins,WR,19375,263.5,21
2025 Early 4th,PICK,NA,269.20484526869,19
Desmond Ridder,QB,20080,189.9,121
Jacob Cowing,WR,25289,265.8,20
Jimmy Garoppolo,QB,12208,180.9,150
2024 Pick 4.05,PICK,NA,270.3025,18
Tyrone Tracy Jr.,RB,22980,267.8,19
Eric Gray,RB,23075,265.1,21
Isaiah Spiller,RB,23143,265.5,20
Daniel Bellinger,TE,24238,266.5,20
2024 Pick 4.06,PICK,NA,274.245,17
Tyler Conklin,TE,17598,267.9,19
Justice Hill,RB,18256,271,18
Darnell Washington,TE,22967,267.9,19
D'Ernest Johnson,RB,19111,270.6,18
2024 Pick 4.07,PICK,NA,277.8975,15
Zach Ertz,TE,11689,269.2,19
Chase Claypool,WR,18627,276,16
2024 Pick 4.08,PICK,NA,281.275,14
Robert Woods,WR,11610,275.4,16
Marquez Valdes-Scantling,WR,17528,276.2,16
Sam Darnold,QB,17236,175.2,171
Jermaine Burton,WR,22956,278.9,15
2025 4th,PICK,NA,284.333803602023,13
2024 Pick 4.09,PICK,NA,284.4225,13
2025 Mid 4th,PICK,NA,285.42547026869,13
Isaac Guerendo,RB,26392,276.7,16
Leonard Fournette,RB,16378,276.1,16
2024 Pick 4.10,PICK,NA,287.42,12
Bo Melton,WR,24049,276.4,16
Hayden Hurst,TE,17283,276,16
Allen Robinson II,WR,12126,279.7,15
Jordan Mason,RB,22969,279.6,15
2024 Pick 4.11,PICK,NA,290.35,11
Dylan Laube,RB,26194,276.9,16
Ryan Tannehill,QB,11174,232.6,44
Charlie Jones,WR,25336,278.6,15
Johnny Wilson,WR,25295,282.9,14
2026 4th,PICK,NA,293.829273870713,11
2024 Pick 4.12,PICK,NA,293.31,11
Keaontay Ingram,RB,23162,281,14
Cordarrelle Patterson,RB,11613,282.6,14
David Bell,WR,23108,285.1,13
2024 Pick 5.01,PICK,NA,296.19,10
Theo Johnson,TE,23104,288.3,12
Chase Edmonds,RB,17496,281.9,14
2025 Late 4th,PICK,NA,298.37109526869,9
2024 Pick 5.02,PICK,NA,298.9075,9
Luke McCaffrey,WR,26328,286.7,12
Malik Washington,WR,26314,289.5,12
Kylen Granson,TE,22841,287.6,12
2024 Pick 5.03,PICK,NA,301.5,9
Noah Gray,TE,19539,285.9,13
Latavius Murray,RB,11821,288.2,12
Jalen Tolbert,WR,23770,288,12
Van Jefferson,WR,19483,289.3,12
2024 Pick 5.04,PICK,NA,304.0275,8
Zonovan Knight,RB,24901,287.9,12
Ronnie Rivers,RB,23986,286.4,13
Zach Wilson,QB,22679,247,32
Tre Tucker,WR,25337,286.7,12
DeVante Parker,WR,13897,288.3,12
2024 Pick 5.05,PICK,NA,306.53,8
Jalen Coker,WR,26403,295,10
Brevin Jordan,TE,20162,291.8,11
DeWayne McBride,RB,25265,289.5,12
2024 Pick 5.06,PICK,NA,309.07,7
Isaiah Davis,RB,25977,290.9,11
2025 Early 5th,PICK,NA,309.65172026869,7
Jacoby Brissett,QB,15642,207.3,80
2024 Pick 5.07,PICK,NA,311.575,7
Matt Breida,RB,17058,295.6,10
2024 Pick 5.08,PICK,NA,313.98,7
Spencer Rattler,QB,23081,281.2,14
Trey Lance,QB,20082,212,72
2024 Pick 5.09,PICK,NA,316.3,6
Jarrett Stidham,QB,18604,256.2,25
Bailey Zappe,QB,24027,336.7,4
Jameis Winston,QB,13891,231.8,45
2024 Pick 5.10,PICK,NA,318.5825,6
Drew Lock,QB,18225,338.3,4
Joshua Dobbs,QB,16417,255.8,26
Kayshon Boutte,WR,22989,296.7,10
Calvin Austin III,WR,23739,297.2,10
2024 Pick 5.11,PICK,NA,320.83,6
Joe Flacco,QB,9300,330.3,4
2025 5th,PICK,NA,319.545053602023,6
2025 Mid 5th,PICK,NA,319.78422026869,6
Taylor Heinicke,QB,13932,340.7,3
2024 Pick 5.12,PICK,NA,323.1025,5
Tyrod Taylor,QB,10007,342.2,3
Andy Dalton,QB,9907,342.6,3
Dorian Thompson-Robinson,QB,20086,343.8,3
Malik Willis,QB,23499,346.6,3
Donald Parham Jr.,TE,18835,302.4,9
Rasheen Ali,RB,25983,322,5
Cody Schrader,RB,26216,299.9,9
Tyler Huntley,QB,19297,347.8,3
Joe Milton III,QB,25967,347.8,3
Parris Campbell,WR,18463,301,9
Mason Rudolph,QB,17234,335.5,4
Jaheim Bell,TE,24747,312.1,7
Kimani Vidal,RB,26355,310.2,7
Jeremy Ruckert,TE,23742,304.7,8
Hendon Hooker,QB,24332,294.3,10
2025 Late 5th,PICK,NA,329.19922026869,5
Mecole Hardman Jr.,WR,18587,304.5,8
Ben Sinnott,TE,26310,313.2,7
Jake Browning,QB,18557,241.2,36
Mike White,QB,17447,349.5,3
2026 5th,PICK,NA,329.040523870713,5
Michael Pratt,QB,25226,349.8,3
Kenny McIntosh,RB,25329,304.5,8
Marcus Mariota,QB,13890,350,3
Brenton Strange,TE,25345,312.3,7
Chris Evans,RB,22797,307.1,8
Tyson Bagent,QB,25321,350.3,3
Justyn Ross,WR,19798,316.7,6
Kyle Trask,QB,19800,351.5,3
Jaren Hall,QB,24073,351.5,3
Kyle Philips,WR,23896,308.8,7
Darrell Henderson Jr.,RB,18588,316.2,6
Adam Trautman,TE,19423,312.1,7
Will Mallory,TE,23821,314,7
Cade Stover,TE,25269,328.7,5
Deon Jackson,RB,20097,321.7,5
Tommy Tremble,TE,22795,319.6,6
Kevin Harris,RB,23117,307.9,8
Carson Wentz,QB,15520,353.2,3
Foster Moreau,TE,18397,314,7
Tommy DeVito,QB,25746,354.4,3
Cooper Rush,QB,16477,354.5,3
Isaiah McKenzie,WR,16604,323.3,5
Craig Reynolds,RB,19074,316.2,6
Clayton Tune,QB,25227,355.2,2
Harrison Bryant,TE,19389,326.1,5
Jake Haener,QB,24728,355.7,2
Mitchell Trubisky,QB,16381,355.7,2
Davis Mills,QB,22799,355.8,2
Tyrion Davis-Price,RB,22992,327.3,5
Russell Gage,WR,17606,313.4,7
Salvon Ahmed,RB,19449,349.5,3
Jamari Thrash,WR,26162,322.6,5
Tanner Hudson,TE,17826,336.9,4
Jordan Travis,QB,25377,357.2,2
Austin Hooper,TE,15581,328.5,5
Richie James Jr.,WR,17303,324.2,5
Blake Watson,RB,26391,335,4
Frank Gore Jr.,RB,25980,343.8,3
C.J. Beathard,QB,16419,358.6,2
Nick Mullens,QB,16726,358.8,2
Cole Turner,TE,23727,330.7,4
Will Dissly,TE,18049,336.6,4
Tim Patrick,WR,16556,335.4,4
Devin Leary,QB,24698,361.1,2
Nelson Agholor,WR,13969,332.9,4
Laviska Shenault Jr.,WR,19221,332.5,4
Albert Okwuegbunam Jr.,TE,18246,338.2,4
Malik Davis,RB,24205,339.4,4
JaMycal Hasty,RB,19627,337.1,4
Mo Alie-Cox,TE,16579,348.3,3
Ty Johnson,RB,18406,343,3
Josh Oliver,TE,18487,342.9,3
Zack Kuntz,TE,25347,348.8,3
Trayveon Williams,RB,18607,344.7,3
Robert Tonyan,TE,16502,349.3,3
Trey Sermon,RB,19425,345.2,3
Stetson Bennett,QB,23927,363.1,2
Erick All,TE,23837,330.6,4
Dillon Johnson,RB,26226,345.6,3
Trevor Siemian,QB,14142,363.4,2
DeeJay Dallas,RB,19521,337.2,4
Boston Scott,RB,17612,338,4
Jauan Jennings,WR,19590,330.9,4
Nick Westbrook-Ikhine,WR,19747,331,4
Elijah Higgins,TE,23119,350.8,3
Sterling Shepard,WR,15569,340.9,3
Kedon Slovis,QB,23166,364.1,2
Charlie Kolar,TE,22756,351,3
P.J. Walker,QB,16841,364.2,2
Marvin Jones Jr.,WR,11215,331.6,4
Royce Freeman,RB,17245,337.2,4
Jared Wiley,TE,26343,352.6,3
Mack Hollins,WR,16489,340.6,4
Dyami Brown,WR,20113,346.2,3
Durham Smythe,TE,17508,353.6,3
Nyheim Hines,RB,17297,339.6,4
Easton Stick,QB,18446,366.8,2
Skylar Thompson,QB,24170,366.9,2
Dallin Holker,TE,24732,354.2,3
James Robinson,RB,19631,325.4,5
Kenny Golladay,WR,16488,335,4
Demarcus Robinson,WR,15665,335.8,4
Devin Duvernay,WR,19270,348,3
C.J. Uzomah,TE,14084,355.1,2
Case Keenum,QB,11425,368.4,2
Peyton Hendershot,TE,22971,355.6,2
Sam Hartman,QB,24340,368.8,2
Cameron Latu,TE,24331,356,2
Braxton Berrios,WR,17289,336.6,4
Malik Cunningham,QB,22988,369.6,2
Sam Ehlinger,QB,19803,369.8,2
Kendall Milton,RB,22962,352.2,3
Max Duggan,QB,23121,370.5,2
KJ Hamler,WR,19267,337.6,4
Cornelius Johnson,WR,23017,338,4
Hassan Haskins,RB,23798,353.6,3
Hunter Long,TE,22783,358.2,2
Trenton Irwin,WR,18726,338.6,4
Kyle Allen,QB,17869,371.8,2
Bub Means,WR,26354,339,4
Tanner McKee,QB,24740,372.3,2
George Holani,RB,22915,354.5,3
John Bates,TE,22833,359.2,2
Danny Gray,WR,24178,339.6,4
Melvin Gordon III,RB,13903,354.8,3
Matt Ryan,QB,9444,372.8,2
Davis Allen,TE,23761,359.7,2
Devin Culp,TE,26440,359.8,2
Jha'Quan Jackson,WR,26377,340,4
Colby Parkinson,TE,19372,360.5,2
Velus Jones Jr.,WR,24214,340.7,3
Malik Heath,WR,25668,341.2,3
Jake Bobo,WR,25339,341.4,3
Daijun Edwards,RB,25985,356.8,2
Sean Clifford,QB,20073,374.8,2
Myles Gaskin,RB,17251,357.8,2
A.J. Barner,TE,26335,362.6,2
AJ McCarron,QB,12091,375.8,2
Matt Corral,QB,23028,375.8,2
Deonte Harty,WR,18876,343.2,3
Ameer Abdullah,RB,13924,358.8,2
Jawhar Jordan,RB,26329,358.8,2
Cedrick Wilson Jr.,WR,17262,343.7,3
Tahj Brooks,RB,26212,359.2,2
Darrynton Evans,RB,19418,359.3,2
Kene Nwangwu,RB,23249,359.6,2
Brevyn Spann-Ford,TE,26003,364.3,2
James Mitchell,TE,23174,364.7,2
Quez Watkins,WR,19715,345,3
Payne Durham,TE,25346,365,2
Jordan Akins,TE,17415,365.1,2
Michael Wiley,RB,26380,360.7,2
Tahj Washington,WR,26397,346,3
Kellen Mond,QB,19383,379,1
Eno Benjamin,RB,19361,361.3,2
Jase McClellan,RB,22894,361.6,2
Colt McCoy,QB,9702,379.8,1
Dan Arnold,TE,17143,367,2
Ainias Smith,WR,23142,347.6,3
Tre' McKitty,TE,22807,367.6,2
Bryson Nesbit,TE,25998,367.8,2
Josh Johnson,QB,9326,381.3,1
Ke'Shawn Vaughn,RB,19351,363.7,2
Marquez Callaway,WR,19505,348.7,3
Marcus Rosemy-Jacksaint,WR,26342,349,3
Tyler Badie,RB,23812,364.3,2
Ian Thomas,TE,17387,369.5,2
Josh Whyle,TE,22923,369.6,2
Derius Davis,WR,25334,348.8,3
Isaiah Williams,WR,26379,350.4,3
Marlon Mack,RB,16444,365.7,2
Raheem Blackshear,RB,20100,365.9,2
Ronald Jones II,RB,17243,366.2,2
Julius Chestnut,RB,24689,366.6,2
Robbie Chosen,WR,15688,351.9,3
Snoop Conner,RB,23027,367.5,2
Jalen Guyton,WR,18941,352.4,3
Jamison Crowder,WR,13976,352.7,3
Deneric Prince,RB,25770,368.1,2
Bryce Ford-Wheaton,WR,25340,353.2,3
Miyan Williams,RB,25386,368.4,2
Emanuel Wilson,RB,25885,369,2
Kenyan Drake,RB,15637,369.1,2
Mike Boone,RB,17813,369.2,2
O.J. Howard,TE,16380,373.8,2
Jacob Harris,TE,23251,374,2
Kalif Raymond,WR,16081,355.4,2
Rakim Jarrett,WR,23001,355.9,2
Ben Skowronek,WR,22843,356.1,2
Travis Homer,RB,18616,371.8,2
Brycen Hopkins,TE,19234,376.8,1
Dontrell Hilliard,RB,18037,372.3,2
Drew Ogletree,TE,24561,377,1
Justin Watson,WR,17603,357.8,2
Grant Calcaterra,TE,24180,377.8,1
Connor Heyward,TE,24562,377.9,1
Demetric Felton Jr.,RB,20105,373.4,2
Jalen Reagor,WR,19219,358.6,2
Olamide Zaccheaus,WR,18864,358.7,2
Justin Shorter,WR,24083,359.4,2
Ronnie Bell,WR,23012,359.4,2
Emani Bailey,RB,26330,374.7,2
Tyler Goodson,RB,22976,375,2
Randall Cobb,WR,9902,360.8,2
Chris Brooks,RB,25823,376.2,2
Ricky Seals-Jones,TE,16730,381.1,1
Dare Ogunbowale,RB,16879,376.6,2
Brock Wright,TE,23341,381.3,1
Brandon Johnson,WR,24233,361.6,2
Julian Hill,TE,25824,381.4,1
Denzel Mims,WR,19344,362.1,2
Gary Brightwell,RB,23293,377.4,1
Anthony McFarland Jr.,RB,19366,377.4,1
Quintin Morris,TE,22820,382.6,1
Kenny Yeboah,TE,22815,382.8,1
Jack Stoll,TE,23193,383,1
J.D. McKissic,RB,16230,378.7,1
Drew Sample,TE,18561,384.3,1
Josiah Deguara,TE,19456,385,1
Quintez Cephus,WR,19396,365.8,2
La'Mical Perine,RB,19333,381.2,1
Shane Zylstra,TE,23461,385.8,1
Nick Muse,TE,24239,386.6,1
Brandon Bolden,RB,11410,382.2,1
Jashaun Corbin,RB,22948,382.2,1
Javian Hawkins,RB,22762,382.8,1
Tony Jones Jr.,RB,19482,383,1
Caleb Huntley,RB,19368,383.2,1
Darrel Williams,RB,17514,383.7,1
Anthony Firkser,TE,16787,388.3,1
Lew Nichols III,RB,25443,384.4,1
Derrick Gore,RB,19113,384.4,1
MyCole Pruitt,TE,13964,389,1
Cameron Brate,TE,13470,389.5,1
Tre'Quan Smith,WR,17261,370,2
Jaret Patterson,RB,20155,385.2,1
Blake Jarwin,TE,16638,390.1,1
Teagan Quitoriano,TE,24182,390.3,1
Tylan Wallace,WR,19801,370.6,2
Xavier Gipson,WR,25758,371,2
Dee Eskridge,WR,22785,371.3,2
Scott Miller,WR,18714,371.7,2
Tyler Kroft,TE,13960,391.8,1
KaVontae Turpin,WR,18520,372.7,2
Sincere McCormick,RB,23172,388.4,1
Samori Toure,WR,23883,373.4,2
Jarvis Landry,WR,12128,373.7,2
Xazavian Valladay,RB,25357,389,1
Mohamed Ibrahim,RB,20153,389.4,1
Julio Jones,WR,9867,374.9,2
Amari Rodgers,WR,20132,375.2,2
Ihmir Smith-Marsette,WR,20116,375.8,2
Jason Brownlee,WR,25754,375.8,2
Larry Rountree III,RB,19537,391.4,1
Ty Montgomery II,RB,13977,392.4,1
Geoff Swaim,TE,14164,397.3,1
Dres Anderson,WR,13980,377.5,1
Erik Ezukanma,WR,23755,378,1
Devin Asiasi,TE,19435,398,1
Jake Funk,RB,23190,393.7,1
Chris Moore,WR,15654,378.6,1
Derrick Deese Jr.,TE,23971,398.5,1
Byron Pringle,WR,17739,378.8,1
Zach Pascal,WR,16972,379,1
Jamal Agnew,WR,16666,379.2,1
Ashton Dulin,WR,18656,380.2,1
Jace Sternberger,TE,18614,400.1,1
Shi Smith,WR,20127,381,1
Trestan Ebner,RB,24047,396.8,1
Tyler Johnson,WR,18633,381.7,1
N'Keal Harry,WR,18222,381.8,1
Lynn Bowden Jr.,WR,19587,382.2,1
DeAndre Carter,WR,14103,382.4,1
J.J. Taylor,RB,19438,398,1
Trent Sherfield,WR,17888,384.2,1
Equanimeous St. Brown,WR,17307,384.5,1
Bryan Edwards,WR,18634,384.8,1
Jaelon Darden,WR,22796,385.8,1
Qadree Ollison,RB,18480,401.2,1
Simi Fehoko,WR,23196,386.4,1
Anthony Schwartz,WR,20125,387.4,1
Keelan Cole Sr.,WR,16864,389.6,1
Tyron Billy-Johnson,WR,18804,391.5,1
Andy Isabella,WR,18409,392,1
Dez Fitzpatrick,WR,20112,393.2,1
Mike Strachan,WR,23395,394.2,1
Cornell Powell,WR,22811,395.4,1
Antonio Brown,WR,9808,395.7,1
Seth Williams,WR,20118,395.7,1
Jalen Nailor,WR,24177,398.8,1
Freddie Swain,WR,19729,399,1
William Fuller V,WR,15629,399.8,1
Sammy Watkins,WR,12118,400.7,1
Miles Boykin,WR,18636,401,1
James Washington,WR,17254,401.7,1
Marquise Goodwin,WR,11599,403.2,1
T.Y. Hilton,WR,11206,405.7,1
Grant DuBose,WR,25470,407,1
Marquez Stevenson,WR,20133,408.7,1
Dazz Newsome,WR,20122,409.2,1
Phillip Dorsett II,WR,13979,411.3,1
Jalen Cropper,WR,25359,412.3,1
Breshad Perriman,WR,13975,413,1
Cam Sims,WR,18016,415.3,1
Collin Johnson,WR,18289,415.3,1
Keke Coutee,WR,17490,416,1
Steven Sims Jr.,WR,18962,416.7,1
Dontay Demus Jr.,WR,25821,418.8,1
Auden Tate,WR,17306,420.3,1
Damiere Byrd,WR,14222,420.5,1
Dante Pettis,WR,17264,421.7,1
Joseph Ngata,WR,23778,422.7,1
